Workbook

Sheet 36 Haftalık Plan
A1: ŞAHANE SATRANÇ OKULU — 36 HAFTALIK DERS PLANI
A2: 1-4. sınıflar · Haftada 1 ders saati (40 dk) · Ders akışı: Isınma 5 dk + Anlatım 10 dk + Uygulama 20 dk + Kapanış 5 dk · Her hafta platformdaki bir etkinliğe karşılık gelir. Kaynak: uygulamanın kendi ders programı verisi (src/data/weeklyPlan.js).
A3: Hafta | B3: Ünite | C3: Ders Başlığı | D3: Kazanım (Hedef Davranış) | E3: Isınma — 5 dk | F3: Anlatım — 10 dk | G3: Uygulama — 20 dk | H3: Kapanış — 5 dk | I3: Platformda Açılacak Ekranlar | J3: Anahtar Kelimeler
A4: 1 | B4: Tanışma ve Tahta | C4: Satranç ile Tanışıyoruz | D4: Satrancın ne olduğunu, amacını ve neden oynandığını söyler. | E4: Çocuklara sor: 'Hiç satranç gördünüz mü? Nerede?' Cevapları dinle, tahtayı göster. | F4: 1. Satranç iki kişinin sırayla oynadığı bir zekâ oyunudur. 2. Amaç rakibin ŞAH taşını mat etmektir — yani kurtulamayacağı bir tuzağa düşürmek. 3. Şans yoktur: zar yok, kart yok. Her şey senin kararına bağlıdır. 4. Herkes aynı sayıda taşla başlar: 16 taş. | G4: Çocuklar 'Satrancı Tanıyalım' bölümünün 1. konusunu okuyup sorusunu cevaplasın. | H4: Sor: 'Satrançta amaç nedir?' Cevap: Şahı mat etmek. | I4: • [Satrancı Öğren] Satranç Nedir? dersi | J4: satranç, şah, mat, zekâ oyunu
A5: 2 | B5: Tanışma ve Tahta | C5: Satrancın Hikâyesi | D5: Satrancın nereden geldiğini ve dünyada nasıl yayıldığını anlatır. | E5: Geçen hafta ne öğrendik? 'Satrancın amacı ne?' diye sor. | F5: 1. Satranç yaklaşık 1500 yıl önce Hindistan'da 'çaturanga' adıyla doğdu. 2. Oradan İran'a geçti; 'şah mat' sözü bu dönemden kalmadır. 3. Sonra Arap dünyası ve Avrupa'ya yayıldı, bugünkü kurallarını orada aldı. 4. Bugün dünyanın her ülkesinde oynanıyor ve Türkiye'de okullarda ders olarak okutuluyor. | G5: 'Nereden Geldi?' ve 'Dünyada ve Türkiye'de Satranç' bölümlerini okuyup soruları cevaplasınlar. | H5: Sor: 'Satranç ilk hangi ülkede ortaya çıktı?' Cevap: Hindistan. | I5: • [Satrancı Öğren] Satrancın tarihçesi • [Satrancı Öğren] Dünyada ve Türkiye'de | J5: çaturanga, Hindistan, büyükusta, FIDE
A6: 3 | B6: Tanışma ve Tahta | C6: Tahtayı Tanıyorum: 64 Kare | D6: Tahtanın 8x8 = 64 kareden oluştuğunu bilir, kare adlarını okur. | E6: Tahtayı göster ve birlikte kareleri sayın: 8 sıra × 8 sütun = 64. | F6: 1. Kare adı önce SÜTUN harfi (a-h), sonra YATAY sayısı (1-8) ile okunur. 2. Örneğin e4: e sütunu, 4. yatay. 3. Sütunlar aşağıdan yukarı, yataylar soldan sağa uzanır. 4. Her karenin tek bir adı vardır — tıpkı sınıftaki sıraların numarası gibi. | G6: Çocuklar 'Kareler' ve 'Sütun & Yatay' derslerinde karelere dokunup adlarını görsün. | H6: Tahtada bir kare göster, adını sor. Birkaç çocuğa sırayla sor. | I6: • [Satranç Tahtası] Kareler dersi • [Satranç Tahtası] Sütun & Yatay | J6: kare, sütun, yatay, koordinat
A7: 4 | B7: Tanışma ve Tahta | C7: Merkez, Renkler ve Kurulum | D7: Merkez kareleri gösterir, tahtayı doğru yönde kurar. | E7: Hızlı oyun: 'f6 nerede?' diye sor, parmakla göstersinler. | F7: 1. Tahtanın ortasındaki d4-e4-d5-e5 kareleri MERKEZ'dir; en değerli bölge burasıdır. 2. Merkezdeki taş daha çok kareye ulaşır: at merkezde 8, köşede 2 kareye gider. 3. Tahtada 32 açık, 32 koyu kare vardır. 4. ALTIN KURAL: Tahtayı kurarken sağ alt köşe AÇIK renk olmalıdır. | G7: 'Merkez', 'Kare Renkleri' ve 'Kurulum' derslerini yapsınlar; kare rengi oyununu oynasınlar. | H7: Sor: 'Tahtayı kurarken sağ alt köşe ne renk olmalı?' Cevap: Açık. | I7: • [Satranç Tahtası] Merkez dersi • [Satranç Tahtası] Kare Renkleri oyunu • [Satranç Tahtası] Tahta kurulumu | J7: merkez, açık kare, koyu kare, kurulum
A8: 5 | B8: Taşları Tanıyorum | C8: Piyon: Küçük Ama Cesur | D8: Piyonun nasıl ilerlediğini ve nasıl taş aldığını gösterir. | E8: Tahtayı birlikte kurun. Piyonları en öne dizin. | F8: 1. Piyon sadece İLERİ gider, asla geri dönmez. 2. İlk hamlesinde istersen iki kare gidebilir, sonra hep birer kare. 3. DİKKAT: Düz giderken taş ALAMAZ! Taşı ÇAPRAZ alır. 4. Önü kapalıysa hiç ilerleyemez. 5. Son yatağa ulaşırsa vezire terfi eder — küçük piyon koca vezir olur! | G8: Piyon dersinin tüm aşamalarını yapsınlar: Keşfet, Engeller, Görevler, Yolculuk, Taş Alma. | H8: Sor: 'Piyon taşı nasıl alır?' Cevap: Çapraz. | I8: • [Taşları Öğren] Piyon dersi | J8: piyon, terfi, çapraz alma
A9: 6 | B9: Taşları Tanıyorum | C9: Kale: Düz Giden Güç | D9: Kalenin satır ve sütun boyunca hareket ettiğini gösterir. | E9: Piyon tekrarı: 'Piyon geri gidebilir mi?' Hayır! | F9: 1. Kale satır ve sütun boyunca DÜZ gider, istediği kadar kare. 2. Çapraz gidemez. 3. Yolunda bir taş varsa onu geçemez — ama rakip taşı ise alabilir. 4. Boş tahtada kale her kareye en fazla İKİ hamlede ulaşır. 5. Açık sütunlarda (piyon olmayan) çok güçlüdür. | G9: Kale dersini yapsınlar. Yolculuk etkinliğinde a1'den h8'e 2 hamlede gitmeyi denesinler. | H9: Sor: 'Kale çapraz gidebilir mi?' Cevap: Hayır. | I9: • [Taşları Öğren] Kale dersi | J9: kale, sütun, yatay, açık sütun
A10: 7 | B10: Taşları Tanıyorum | C10: Fil: Çapraz Koşucu | D10: Filin çapraz hareket ettiğini ve renk değiştiremediğini açıklar. | E10: Kale tekrarı: tahtada kaleyi bir köşeden diğerine 2 hamlede götürtün. | F10: 1. Fil sadece ÇAPRAZ gider, istediği kadar kare. 2. Başladığı karenin rengini ASLA değiştiremez. 3. Herkesin bir açık kare fili, bir koyu kare fili vardır. 4. Yolunda taş varsa geçemez. 5. Açık tahtada çok güçlü, kapalı tahtada sıkışır. | G10: Fil dersini yapsınlar. 'Engeller' aşamasında kendi piyonunun yolu kestiğini görsünler. | H10: Sor: 'Koyu karede başlayan fil açık kareye geçebilir mi?' Cevap: Hayır. | I10: • [Taşları Öğren] Fil dersi | J10: fil, çapraz, kare rengi
A11: 8 | B11: Taşları Tanıyorum | C11: At: Zıplayan Taş | D11: Atın L şeklinde gittiğini ve taşların üzerinden atladığını gösterir. | E11: Fil tekrarı. Sonra sor: 'Sizce hangi taş engelleri umursamaz?' | F11: 1. At L şeklinde gider: iki kare düz, sonra bir kare yana. 2. TEK ATLAYAN TAŞ ODUR — diğer taşların üzerinden zıplar! 3. Her zaman durduğu karenin renginden FARKLI bir kareye iner. 4. Merkezde 8 kareye, köşede sadece 2 kareye gidebilir. 5. Etrafı tamamen çevrili olsa bile hapsolmaz. | G11: At dersini yapsınlar. 'Engeller' aşaması çok önemli: çevrili at yine 8 kareye zıplıyor. At turunu (a1→h8) denesinler. | H11: Sor: 'At taşların üzerinden atlar mı?' Cevap: Evet, tek o atlar. | I11: • [Taşları Öğren] At dersi • [Taşları Öğren] At turu (yolculuk) | J11: at, L hareketi, atlama
A12: 9 | B12: Taşları Tanıyorum | C12: Vezir: En Güçlü Taş | D12: Vezirin kale ve filin gücünü birleştirdiğini açıklar. | E12: At tekrarı: bir çocuk tahtada atı L şeklinde oynatsın. | F12: 1. Vezir hem DÜZ hem ÇAPRAZ gider — kale + fil demektir. 2. Sekiz yöne birden hareket edebilir. 3. En güçlü taştır: 9 piyon değerindedir. 4. Ama sihirli değildir: yolunda taş varsa o da geçemez. 5. Çok değerli olduğu için erken çıkarsa rakip onu kovalar. | G12: Vezir dersini yapsınlar. Yolculukta d1'den h5'e tek hamlede gidebildiğini keşfetsinler. | H12: Sor: 'Vezir hangi iki taşın gücünü birleştirir?' Cevap: Kale ve fil. | I12: • [Taşları Öğren] Vezir dersi | J12: vezir, en güçlü taş, sekiz yön
A13: 10 | B13: Taşları Tanıyorum | C13: Şah: En Önemli Taş | D13: Şahın her yöne bir kare gittiğini ve korunması gerektiğini bilir. | E13: Vezir tekrarı. Sor: 'Peki en GÜÇLÜ taş vezirse, en ÖNEMLİ taş hangisi?' | F13: 1. Şah her yöne yalnızca BİR kare gider. 2. Asla tehdit altındaki bir kareye gidemez. 3. Diğer şahın yanına gidemez. 4. Korunan bir taşı alamaz. 5. Şah alınmaz — ama mat olursa oyun biter. Bu yüzden en önemli taştır. | G13: Şah dersini yapsınlar. 'Engeller' aşamasında kalenin tuttuğu karelere giremediğini görsünler. | H13: Sor: 'Şah tehdit altındaki kareye gidebilir mi?' Cevap: Asla. | I13: • [Taşları Öğren] Şah dersi | J13: şah, güvenlik, tehdit
A14: 11 | B14: Taşları Tanıyorum | C14: Taş Değerleri | D14: Taşların puan değerlerini söyler ve takas kararı verir. | E14: Altı taşı da tahtada göster, isimlerini birlikte söyleyin. | F14: 1. Piyon 1, at 3, fil 3, kale 5, vezir 9 puan. 2. Şahın değeri yoktur — paha biçilemez! 3. Bu sayılar 'takas kârlı mı?' sorusuna cevap verir. 4. Örnek: atını verip kale alırsan (3 verip 5 alırsın) kârlısın. 5. Ama sayılar her şey değildir: taşın durduğu yer de önemlidir. | G14: 'Taşı Tanı' ve 'Eşleştirme' mini oyunlarını oynasınlar. | H14: Sor: 'Vezir kaç puan?' Cevap: 9. 'Şah kaç puan?' Cevap: Paha biçilemez. | I14: • [Mini Oyunlar] Taşı Tanı oyunu • [Mini Oyunlar] Eşleştirme oyunu | J14: değer, takas, puan
A15: 12 | B15: Taşları Tanıyorum | C15: Taşlar Ünitesi Değerlendirme | D15: Altı taşın hareketini hatasız gösterir. | E15: Hızlı soru turu: her taşın nasıl gittiğini sırayla sor. | F15: 1. Bugün öğrendiklerimizi test ediyoruz. 2. Piyon düz gider çapraz alır; kale düz; fil çapraz; at L; vezir hepsi; şah birer kare. 3. Unutma: sadece AT taşların üzerinden atlar. | G15: 'Taşı Yerine Sürükle' ve 'Doğru Kareyi Bul' oyunlarını oynasınlar. Puanlarını karşılaştırsınlar. | H15: Her çocuk en sevdiği taşı ve nedenini söylesin. | I15: • [Mini Oyunlar] Taşı Yerine Sürükle • [Mini Oyunlar] Doğru Kareyi Bul • [Rozetler] Rozetlerini gör | J15: değerlendirme, tekrar
... A39: 36 | B39: Oyun Sonu ve Turnuva | C39: Sınıf Turnuvası ve Kapanış | D39: Öğrendiklerini gerçek oyunda uygular, sonucu saygıyla karşılar. | E39: Yıl boyunca öğrendiklerimizi birlikte sayalım: tahta, taşlar, kurallar, taktikler, matlar. | F39: 1. Bugün sınıf turnuvası yapıyoruz! 2. Turnuva kuralları: tokalaşarak başla, sessiz oyna, sonuca saygı göster. 3. Kazanmak güzeldir ama öğrenmek daha değerlidir. 4. Her oyundan sonra 'hangi hamlem iyiydi, hangisi hatalıydı?' diye düşün. | G39: Eşleşmeler yapın ve oynatın. Bilgisayara karşı da oynayıp doğruluk raporlarını karşılaştırsınlar. | H39: Rozet ve profil sayfasında yıl boyunca kazandıklarını görsünler. Herkesi alkışlayın! | I39: • [Bilgisayara Karşı] Turnuva: bilgisayara karşı • [Profil] Profilim • [Rozetler] Rozetlerim | J39: turnuva, spor ahlakı, değerlendirme

Sheet Üniteler
A1: ÜNİTELER — 6 ÜNİTE, 36 HAFTA
A2: No | B2: Ünite | C2: Başlangıç Haftası | D2: Bitiş Haftası | E2: Hafta Sayısı | F2: Ünite Hedefi | G2: Kapsadığı Ders Başlıkları
A3: 1 | B3: 👋 Tanışma ve Tahta | C3: 1 | D3: 4 | E3: =D3-C3+1 | F3: Satrancı tanımak, tahtayı ve kare adlarını öğrenmek. | G3: 1. hafta — Satranç ile Tanışıyoruz 2. hafta — Satrancın Hikâyesi 3. hafta — Tahtayı Tanıyorum: 64 Kare 4. hafta — Merkez, Renkler ve Kurulum
A4: 2 | B4: ♟️ Taşları Tanıyorum | C4: 5 | D4: 12 | E4: =D4-C4+1 | F4: Altı taşın hareketini ve değerini öğrenmek. | G4: 5. hafta — Piyon: Küçük Ama Cesur 6. hafta — Kale: Düz Giden Güç 7. hafta — Fil: Çapraz Koşucu 8. hafta — At: Zıplayan Taş 9. hafta — Vezir: En Güçlü Taş 10. hafta — Şah: En Önemli Taş 11. hafta — Taş Değerleri 12. hafta — Taşlar Ünitesi Değerlendirme
A5: 3 | B5: 📕 Oyunun Kuralları | C5: 13 | D5: 20 | E5: =D5-C5+1 | F5: Şah, mat, pat ve özel hamleleri öğrenmek. | G5: 13. hafta — Şah Çekme 14. hafta — Şahı Kurtarmanın 3 Yolu 15. hafta — Şah Mat — Oyunun Amacı 16. hafta — Pat ve Beraberlik 17. hafta — Kısa Rok 18. hafta — Uzun Rok 19. hafta — Piyon Terfisi 20. hafta — Geçerken Alma
A6: 4 | B6: 🎮 Oyunu Oynuyorum | C6: 21 | D6: 26 | E6: =D6-C6+1 | F6: Açılış ilkeleriyle gerçek oyun oynamak. | G6: 21. hafta — Oyun Görgüsü ve Kurallar 22. hafta — Açılışın 3 Altın Kuralı 23. hafta — İtalyan Açılışı 24. hafta — İspanyol ve Dört At 25. hafta — Siyahla Savunma: Sicilya, Fransız, Caro-Kann 26. hafta — Açılış Hataları ve İskoç
A7: 5 | B7: 🎯 Taktik Ustası | C7: 27 | D7: 32 | E7: =D7-C7+1 | F7: Çatal, şiş, açmaz gibi kazandıran desenleri görmek. | G7: 27. hafta — Çatal — İki Hedef Birden 28. hafta — Şiş — Öndekini Kaçır 29. hafta — Açmaz — Kıpırdayamayan Taş 30. hafta — Çifte Şah 31. hafta — Mat Ağı Kurmak 32. hafta — Feda ve Boğma Matı
A8: 6 | B8: 🏆 Oyun Sonu ve Turnuva | C8: 33 | D8: 36 | E8: =D8-C8+1 | F8: Mat tekniklerini öğrenmek ve turnuvaya katılmak. | G8: 33. hafta — Şah ve Vezir ile Mat 34. hafta — Şah ve Kale ile Mat 35. hafta — Muhalefet ve Piyon Sonu 36. hafta — Sınıf Turnuvası ve Kapanış
D9: TOPLAM | E9: =SUM(E3:E8)

Sheet Takip Çizelgesi
A1: ÖĞRETMEN TAKİP ÇİZELGESİ
A2: SARI hücreleri siz doldurun (C, D, E, F, G sütunları). Hafta ve ders başlığı '36 Haftalık Plan' sayfasından otomatik gelir — elle değiştirmeyin. 4. satır ÖRNEKTİR, üzerine yazabilirsiniz.
A4: İşlenen hafta | B4: =COUNTIF(D9:D44,"Evet")
A5: Tamamlanma oranı | B5: =IFERROR(B4/COUNTA(A9:A44),0)
A6: Ortalama kazanım puanı | B6: =IFERROR(AVERAGE(F9:F44),0)
A7: Hafta | B7: Ders Başlığı | C7: Planlanan Tarih | D7: İşlendi mi? | E7: Katılan Öğrenci | F7: Kazanım Değerlendirmesi (1-5) | G7: Notlar / Eksik Kalanlar
A8: (örnek) | B8: Satranç ile Tanışıyoruz | C8: 15.09.2025 | D8: Evet | E8: 24 | F8: 4 | G8: Sınıf çok istekliydi; 3 öğrenci 'mat' kavramını tam anlamadı, 2. haftada tekrar edilecek.
A9: ='36 Haftalık Plan'!A4 | B9: ='36 Haftalık Plan'!C4
A10: ='36 Haftalık Plan'!A5 | B10: ='36 Haftalık Plan'!C5
A11: ='36 Haftalık Plan'!A6 | B11: ='36 Haftalık Plan'!C6
A12: ='36 Haftalık Plan'!A7 | B12: ='36 Haftalık Plan'!C7
A13: ='36 Haftalık Plan'!A8 | B13: ='36 Haftalık Plan'!C8
A14: ='36 Haftalık Plan'!A9 | B14: ='36 Haftalık Plan'!C9
A15: ='36 Haftalık Plan'!A10 | B15: ='36 Haftalık Plan'!C10
A16: ='36 Haftalık Plan'!A11 | B16: ='36 Haftalık Plan'!C11
A17: ='36 Haftalık Plan'!A12 | B17: ='36 Haftalık Plan'!C12
A18: ='36 Haftalık Plan'!A13 | B18: ='36 Haftalık Plan'!C13
A19: ='36 Haftalık Plan'!A14 | B19: ='36 Haftalık Plan'!C14
A20: ='36 Haftalık Plan'!A15 | B20: ='36 Haftalık Plan'!C15
... A44: ='36 Haftalık Plan'!A39 | B44: ='36 Haftalık Plan'!C39

Sheet Platform Rehberi
A1: PLATFORM REHBERİ — HANGİ EKRAN NE İÇİN
A2: 'Kaç haftada kullanılıyor' sütunu, plan sayfasındaki etkinlik listesini sayan canlı bir formüldür. 'Kullanıldığı haftalar' sütunu plan hazırlandığı andaki dökümdür.
A3: Menüdeki Ekran | B3: Ne İşe Yarar | C3: Kaç Haftada Kullanılıyor | D3: Kullanıldığı Haftalar
A4: Kurallar | B4: Kural dersleri: şah çekme, mat, pat, rok, terfi, geçerken alma, beraberlik. | C4: =COUNTIF('36 Haftalık Plan'!$I$4:$I$39,"*[Kurallar]*") | D4: 13, 15, 16, 17, 18, 19, 20, 21
A5: Taşları Öğren | B5: Altı taşın dersleri: keşfet, görev, yolculuk, taş alma ve quiz aşamaları. | C5: =COUNTIF('36 Haftalık Plan'!$I$4:$I$39,"*[Taşları Öğren]*") | D5: 5, 6, 7, 8, 9, 10
A6: Taktikler | B6: Taktik desenleri: çatal, şiş, açmaz, çifte şah, çekme, saptırma. | C6: =COUNTIF('36 Haftalık Plan'!$I$4:$I$39,"*[Taktikler]*") | D6: 27, 28, 29, 30, 31, 32
A7: Bilgisayara Karşı | B7: Bilgisayara karşı gerçek oyun; seviye ve renk seçilebilir. | C7: =COUNTIF('36 Haftalık Plan'!$I$4:$I$39,"*[Bilgisayara Karşı]*") | D7: 14, 21, 22, 26, 36
A8: Açılışlar | B8: Açılış ilkeleri ve İtalyan, İspanyol gibi hazır açılış varyantları. | C8: =COUNTIF('36 Haftalık Plan'!$I$4:$I$39,"*[Açılışlar]*") | D8: 22, 23, 24, 25, 26
A9: Mini Oyunlar | B9: Yedi mini oyun: taşı tanı, kare bulma, mat koşusu, hafıza vb. | C9: =COUNTIF('36 Haftalık Plan'!$I$4:$I$39,"*[Mini Oyunlar]*") | D9: 11, 12, 31
A10: Oyun Sonları | B10: Oyun sonu teknikleri: vezirle mat, iki kaleyle mat, piyon terfisi. | C10: =COUNTIF('36 Haftalık Plan'!$I$4:$I$39,"*[Oyun Sonları]*") | D10: 33, 34, 35
A11: Satrancı Öğren | B11: Okuma parçaları: satranç nedir, tarihçesi, dünyada satranç. | C11: =COUNTIF('36 Haftalık Plan'!$I$4:$I$39,"*[Satrancı Öğren]*") | D11: 1, 2
A12: Satranç Tahtası | B12: Tahta dersleri: kareler, sütun-yatay, merkez, kare renkleri, kurulum. | C12: =COUNTIF('36 Haftalık Plan'!$I$4:$I$39,"*[Satranç Tahtası]*") | D12: 3, 4
A13: Rozetler | B13: Kazanılan rozetler ve hedefler. | C13: =COUNTIF('36 Haftalık Plan'!$I$4:$I$39,"*[Rozetler]*") | D13: 12, 36
A14: Bulmacalar | B14: 1120 doğrulanmış bulmaca; her birinin tek ve doğru çözümü var. | C14: =COUNTIF('36 Haftalık Plan'!$I$4:$I$39,"*[Bulmacalar]*") | D14: 15, 27
A15: Yapay Zekâ Öğretmeni | B15: Yapay zekâ öğretmeni: konum yorumlar, ipucu ve geri bildirim verir. | C15: =COUNTIF('36 Haftalık Plan'!$I$4:$I$39,"*[Yapay Zekâ Öğretmeni]*") | D15: 14
A16: Profil | B16: Öğrencinin ilerlemesi, XP'si ve istatistikleri. | C16: =COUNTIF('36 Haftalık Plan'!$I$4:$I$39,"*[Profil]*") | D16: 36
